,City,Location,Flood Type/Depth,Passability,datetime,Road_Sector,hour
0,Quezon City,EDSA After Quezon Ave. Flyover NB,Gutter Deep,Passable to all vehicles,2025-09-12 15:14:00,EDSA_QC_CENTRAL,15:00:00
1,Quezon City,EDSA Quezon Ave. service road NB,Gutter Deep,Passable to all vehicles,2025-09-12 15:14:00,EDSA_QC_CENTRAL,15:00:00
2,Quezon City,EDSA Aurora Tunnel NB,Subsided,Passable to all vehicles,2025-09-12 14:54:00,EDSA_QC_BOUNDARY,14:00:00
3,Quezon City,EDSA before Kamuning flyover SB,Subsided,Passable to all vehicles,2025-09-12 14:55:00,EDSA_QC_SOUTH,14:00:00
4,Quezon City,EDSA After Quezon Ave. Flyover NB,Gutter Deep,Passable to all vehicles,2025-09-12 14:50:00,EDSA_QC_CENTRAL,14:00:00
5,Quezon City,EDSA Aurora Tunnel NB,Gutter Deep,Passable to all vehicles,2025-09-12 14:50:00,EDSA_QC_BOUNDARY,14:00:00
6,Valenzuela City,Mc Arthur Highway Calle Uno NB,Subsided,Passable to all vehicles,2025-09-11 17:25:00,MACARTHUR HIGHWAY,17:00:00
7,Quezon City,EDSA Balintawak NB,Subsided,Passable to all vehicles,2025-09-11 16:51:00,EDSA_CALOOCAN,16:00:00
8,Quezon City,EDSA Oliveros NB,Subsided,Passable to all vehicles,2025-09-11 16:47:00,EDSA_QC_NORTH,16:00:00
9,Quezon City,EDSA North Ave. NB,Subsided,Passable to all vehicles,2025-09-11 17:19:00,EDSA_QC_NORTH,17:00:00
10,Quezon City,EDSA After Quezon Ave. Flyover NB,Subsided,Passable to all vehicles,2025-09-11 17:24:00,EDSA_QC_CENTRAL,17:00:00
11,Caloocan City,EDSA Bagong Barrio SB,Subsided,Passable to all vehicles,2025-09-11 17:06:00,EDSA_QC_NORTH,17:00:00
12,Caloocan City,EDSA Bagong Barrio NB,Gutter Deep,Passable to all vehicles,2025-09-11 17:58:00,EDSA_QC_NORTH,17:00:00
13,Valenzuela City,Mc Arthur Highway Calle Uno NB,Gutter Deep,Passable to all vehicles,2025-09-11 17:58:00,MACARTHUR HIGHWAY,17:00:00
14,Quezon City,EDSA Balintawak NB,Gutter Deep,Passable to all vehicles,2025-09-11 17:20:00,EDSA_CALOOCAN,17:00:00
15,Quezon City,EDSA Oliveros NB,Gutter Deep,Passable to all vehicles,2025-09-11 17:20:00,EDSA_QC_NORTH,17:00:00
16,Quezon City,EDSA North Ave. NB,Gutter Deep,Passable to all vehicles,2025-09-11 17:20:00,EDSA_QC_NORTH,17:00:00
17,Quezon City,EDSA After Quezon Ave. Flyover NB,Gutter Deep,Passable to all vehicles,2025-09-11 17:20:00,EDSA_QC_CENTRAL,17:00:00
18,Caloocan City,EDSA Bagong Barrio NB/SB,Gutter Deep,Passable to all vehicles,2025-09-11 17:20:00,EDSA_QC_NORTH,17:00:00
19,Valenzuela City,Mc Arthur Highway Calle Uno NB,Gutter Deep,Passable to all vehicles,2025-09-11 17:20:00,MACARTHUR HIGHWAY,17:00:00
20,Quezon City,EDSA Balintawak NB,Gutter Deep,Passable to all vehicles,2025-09-11 16:12:00,EDSA_CALOOCAN,16:00:00
21,Quezon City,EDSA Oliveros NB,Gutter Deep,Passable to all vehicles,2025-09-11 16:12:00,EDSA_QC_NORTH,16:00:00
22,Quezon City,EDSA Bagong Barrio NB/SB,Gutter Deep,Passable to all vehicles,2025-09-11 16:12:00,EDSA_QC_NORTH,16:00:00
23,Quezon City,EDSA North Ave. NB,Gutter Deep,Passable to all vehicles,2025-09-11 16:12:00,EDSA_QC_NORTH,16:00:00
24,Parañaque City,Dr. A. Santos Ave. in front of SM Sucat,Subsided,Passable to all vehicles,2025-09-06 16:55:00,DR. SANTOS AVENUE,16:00:00
25,Parañaque City,Dr. A. Santos Ave. near Paranaque National Highschool,Gutter Deep,Passable to all vehicles,2025-09-06 16:55:00,DR. SANTOS AVENUE,16:00:00
26,Parañaque City,Dr. A. Santos Ave. Corner Canaynay Ave. Brgy. San Dionisio,Gutter Deep,Passable to all vehicles,2025-09-06 16:55:00,DR. SANTOS AVENUE,16:00:00
27,Parañaque City,Dr. A. Santos Ave. in front of SM Sucat,Knee Deep,Not passable to light vehicles,2025-09-06 15:18:00,DR. SANTOS AVENUE,15:00:00
28,Parañaque City,Dr. A. Santos Ave. near Paranaque National Highschool,Gutter Deep,Passable to all vehicles,2025-09-06 15:18:00,DR. SANTOS AVENUE,15:00:00
29,Parañaque City,Dr. A. Santos Ave. Corner Canaynay Ave. Brgy. San Dionisio,Gutter Deep,Passable to all vehicles,2025-09-06 15:18:00,DR. SANTOS AVENUE,15:00:00
30,Manila City,Roxas Blvd Pedro Gil,Subsided,Passable to all vehicles,2025-09-06 15:18:00,ROXAS BOULEVARD,15:00:00
31,Pasay City,Roxas Edsa Intersection NB,Subsided,Passable to all vehicles,2025-09-06 15:18:00,EDSA_PASAY,15:00:00
32,Mandaluyong City,EDSA SHAW tunnel NB,Subsided,Passable to all vehicles,2025-09-06 14:55:00,EDSA_MANDALUYONG,14:00:00
33,Parañaque City,Dr. A. Santos ave. in front of SM Sucat,Gutter Deep,Passable to all vehicles,2025-09-06 14:55:00,DR. SANTOS AVENUE,14:00:00
34,Parañaque City,Dr. A. Santos Ave. near Paranaque National Highschool,Gutter Deep,Passable to all vehicles,2025-09-06 14:55:00,DR. SANTOS AVENUE,14:00:00
35,Parañaque City,Dr. A. Santos Ave. Corner Canaynay Ave. Brgy. San Dionisio,Gutter Deep,Passable to all vehicles,2025-09-06 14:55:00,DR. SANTOS AVENUE,14:00:00
36,Manila City,Roxas Blvd Pedro Gil,Gutter Deep,Passable to all vehicles,2025-09-06 14:55:00,ROXAS BOULEVARD,14:00:00
37,Pasay City,Roxas Edsa Intersection NB,Gutter Deep,Passable to all vehicles,2025-09-06 14:55:00,EDSA_PASAY,14:00:00
38,Mandaluyong City,EDSA SHAW tunnel NB,Gutter Deep,Passable to all vehicles,2025-09-06 14:07:00,EDSA_MANDALUYONG,14:00:00
39,Parañaque City,Dr. A. Santos ave. in front of SM Sucat,Gutter Deep,Passable to all vehicles,2025-09-06 14:07:00,DR. SANTOS AVENUE,14:00:00
40,Parañaque City,Dr. A. Santos Ave. near Paranaque National Highschool,Gutter Deep,Passable to all vehicles,2025-09-06 14:07:00,DR. SANTOS AVENUE,14:00:00
41,Parañaque City,Dr. A. Santos Ave. Corner Canaynay Ave. Brgy. San Dionisio,Gutter Deep,Passable to all vehicles,2025-09-06 14:07:00,DR. SANTOS AVENUE,14:00:00
42,Manila City,Roxas Blvd Pedro Gil,Gutter Deep,Passable to all vehicles,2025-09-06 14:07:00,ROXAS BOULEVARD,14:00:00
43,Pasay City,Roxas Edsa Intersection NB,Gutter Deep,Passable to all vehicles,2025-09-06 14:07:00,EDSA_PASAY,14:00:00
44,Mandaluyong City,EDSA SHAW tunnel NB,Gutter Deep,Passable to all vehicles,2025-09-06 12:15:00,EDSA_MANDALUYONG,12:00:00
45,Manila City,Quirino Station Facing Vito Cruz,Subsided,Passable to all vehicles,2025-09-05 07:20:00,TAFT AVENUE,07:00:00
46,Manila City,Quirino Station Northbound,Subsided,Passable to all vehicles,2025-09-05 07:20:00,TAFT AVENUE,07:00:00
47,Manila City,Quirino Station to Taft,Subsided,Passable to all vehicles,2025-09-05 07:20:00,TAFT AVENUE,07:00:00
48,Mandaluyong City,EDSA Shaw Tunnel NB,Half Gutter Deep,Passable to all vehicles,2025-09-05 07:20:00,EDSA_MANDALUYONG,07:00:00
49,Manila City,Quirino Station Facing Vito Cruz,Gutter Deep,Passable to all vehicles,2025-09-05 05:29:00,TAFT AVENUE,05:00:00
50,Manila City,Quirino Station Northbound,Gutter Deep,Passable to all vehicles,2025-09-05 05:29:00,TAFT AVENUE,05:00:00
51,Manila City,Quirino Station to Taft,Gutter Deep,Passable to all vehicles,2025-09-05 05:29:00,TAFT AVENUE,05:00:00
52,Mandaluyong City,EDSA Shaw Tunnel NB,Gutter Deep,Passable to all vehicles,2025-09-05 05:29:00,EDSA_MANDALUYONG,05:00:00
53,Manila City,Roxas Blvd. P. Ocampo,Subsided,Passable to all vehicles,2025-09-01 21:40:00,ROXAS BOULEVARD,21:00:00
54,Quezon City,Commonwealth Winston,Knee Deep,Not passable to light vehicles,2025-08-30 20:16:00,COMMONWEALTH AVENUE,20:00:00
55,Quezon City,Commonwealth Bitoon West Bound,Gutter Deep,Passable to all vehicles,2025-08-30 20:16:00,COMMONWEALTH AVENUE,20:00:00
56,Quezon City,EDSA Dario NB,Subsided,Passable to all vehicles,2025-08-30 19:15:00,EDSA_QC_NORTH,19:00:00
57,Quezon City,EDSA Munoz NB,Subsided,Passable to all vehicles,2025-08-30 19:15:00,EDSA_QC_NORTH,19:00:00
58,Quezon City,Commonwealth Winston,Knee Deep,Not passable to light vehicles,2025-08-30 19:15:00,COMMONWEALTH AVENUE,19:00:00
59,Quezon City,Commonwealth Bitoon West Bound,Knee Deep,Not passable to light vehicles,2025-08-30 19:15:00,COMMONWEALTH AVENUE,19:00:00
60,Quezon City,EDSA Dario NB,Gutter Deep,Passable to all vehicles,2025-08-30 18:48:00,EDSA_QC_NORTH,18:00:00
61,Quezon City,EDSA Centris service road NB,Subsided,Passable to all vehicles,2025-08-30 18:48:00,EDSA_QC_CENTRAL,18:00:00
62,Quezon City,C5 Katipunan Ateneo NB,Subsided,Passable to all vehicles,2025-08-30 18:48:00,C5_KATIPUNAN,18:00:00
63,Quezon City,EDSA Munoz NB,Gutter Deep,Passable to all vehicles,2025-08-30 18:48:00,EDSA_QC_NORTH,18:00:00
64,Quezon City,Commonwealth Ever EB,Subsided,Passable to all vehicles,2025-08-30 18:48:00,COMMONWEALTH AVENUE,18:00:00
65,Quezon City,C5 Katipunan Aurora service road SB,Subsided,Passable to all vehicles,2025-08-30 18:48:00,C5_KATIPUNAN,18:00:00
66,Quezon City,EDSA West Avenue SB,Subsided,Passable to all vehicles,2025-08-30 18:48:00,EDSA_QC_SOUTH,18:00:00
67,Quezon City,Commonwealth Winston,Knee Deep,Not passable to light vehicles,2025-08-30 18:48:00,COMMONWEALTH AVENUE,18:00:00
68,Quezon City,Edsa Kamuning intersection NB and SB,Subsided,Passable to all vehicles,2025-08-30 18:48:00,EDSA_QC_SOUTH,18:00:00
69,Quezon City,Commonwealth Bitoon West Bound,Knee Deep,Not passable to light vehicles,2025-08-30 18:48:00,COMMONWEALTH AVENUE,18:00:00
70,Quezon City,EDSA Mother Ignacia SB,Subsided,Passable to all vehicles,2025-08-30 18:48:00,EDSA_QC_SOUTH,18:00:00
71,Quezon City,Quezon Avenue Lung Center EB and WB,Subsided,Passable to all vehicles,2025-08-30 18:48:00,QUEZON AVENUE,18:00:00
72,Quezon City,C5 Katipunan Garcia SB and NB,Subsided,Passable to all vehicles,2025-08-30 18:48:00,C5_KATIPUNAN,18:00:00
73,Quezon City,Commonwealth Dona Carmen WB,Subsided,Passable to all vehicles,2025-08-30 18:48:00,COMMONWEALTH AVENUE,18:00:00
74,Quezon City,Quezon Avenue EDSA Tunnel WB and EB,Subsided,Passable to all vehicles,2025-08-30 18:48:00,EDSA_QC_CENTRAL,18:00:00
75,Quezon City,EDSA Dario NB,Gutter Deep,Passable to all vehicles,2025-08-30 17:55:00,EDSA_QC_NORTH,17:00:00
76,Quezon City,EDSA Centris service road NB,Gutter Deep,Passable to all vehicles,2025-08-30 17:55:00,EDSA_QC_CENTRAL,17:00:00
77,Quezon City,C5 Katipunan Ateneo NB,Knee Deep,Not passable to light vehicles,2025-08-30 17:55:00,C5_KATIPUNAN,17:00:00
78,Quezon City,EDSA Munoz NB,Gutter Deep,Passable to all vehicles,2025-08-30 17:55:00,EDSA_QC_NORTH,17:00:00
79,Quezon City,Commonwealth Ever EB,Above Gutter Deep,Passable to all vehicles,2025-08-30 17:55:00,COMMONWEALTH AVENUE,17:00:00
80,Quezon City,C5 Katipunan Aurora service road SB,Knee Deep,Not passable to light vehicles,2025-08-30 17:55:00,C5_KATIPUNAN,17:00:00
81,Quezon City,EDSA West Avenue SB,Gutter Deep,Passable to all vehicles,2025-08-30 17:55:00,EDSA_QC_SOUTH,17:00:00
82,Quezon City,Commonwealth Winston,Knee Deep,Not passable to light vehicles,2025-08-30 17:55:00,COMMONWEALTH AVENUE,17:00:00
83,Quezon City,Edsa Kamuning intersection NB and SB,Gutter Deep,Passable to all vehicles,2025-08-30 17:55:00,EDSA_QC_SOUTH,17:00:00
84,Quezon City,Commonwealth Bitoon West Bound,Knee Deep,Not passable to light vehicles,2025-08-30 17:55:00,COMMONWEALTH AVENUE,17:00:00
85,Quezon City,EDSA Mother Ignacia SB,Knee Deep,Not passable to light vehicles,2025-08-30 17:55:00,EDSA_QC_SOUTH,17:00:00
86,Quezon City,Quezon Avenue Lung Center EB and WB,Above Gutter Deep,Passable to all vehicles,2025-08-30 17:55:00,QUEZON AVENUE,17:00:00
87,Quezon City,C5 Katipunan Garcia SB and NB,Knee Deep,Not passable to light vehicles,2025-08-30 17:55:00,C5_KATIPUNAN,17:00:00
88,Quezon City,Commonwealth Dona Carmen WB,Gutter Deep,Passable to all vehicles,2025-08-30 17:55:00,COMMONWEALTH AVENUE,17:00:00
89,Quezon City,Commonwealth UP Gym EB,Waist Deep,Not passable to all vehicles,2025-08-30 17:55:00,COMMONWEALTH AVENUE,17:00:00
90,Quezon City,Quezon Avenue EDSA Tunnel WB and EB,Waist Deep,Not passable to all vehicles,2025-08-30 17:55:00,EDSA_QC_CENTRAL,17:00:00
91,Quezon City,EDSA Dario NB,Gutter Deep,Passable to all vehicles,2025-08-30 16:55:00,EDSA_QC_NORTH,16:00:00
92,Quezon City,EDSA Centris service road NB,Gutter Deep,Passable to all vehicles,2025-08-30 16:55:00,EDSA_QC_CENTRAL,16:00:00
93,Quezon City,C5 Katipunan Ateneo NB,Knee Deep,Not passable to light vehicles,2025-08-30 16:55:00,C5_KATIPUNAN,16:00:00
94,Quezon City,EDSA Balintawak NB,Subsided,Passable to all vehicles,2025-08-30 16:55:00,EDSA_CALOOCAN,16:00:00
95,Quezon City,EDSA Munoz NB,Gutter Deep,Passable to all vehicles,2025-08-30 16:55:00,EDSA_QC_NORTH,16:00:00
96,Quezon City,Commonwealth Ever EB,Above Gutter Deep,Passable to all vehicles,2025-08-30 16:55:00,COMMONWEALTH AVENUE,16:00:00
97,Quezon City,C5 Katipunan Aurora service road SB,Knee Deep,Not passable to light vehicles,2025-08-30 16:55:00,C5_KATIPUNAN,16:00:00
98,Quezon City,EDSA West Avenue SB,Gutter Deep,Passable to all vehicles,2025-08-30 16:55:00,EDSA_QC_SOUTH,16:00:00
99,Quezon City,Commonwealth Winston,Knee Deep,Not passable to light vehicles,2025-08-30 16:55:00,COMMONWEALTH AVENUE,16:00:00
100,Quezon City,Commonwealth Technohub WB,Subsided,Passable to all vehicles,2025-08-30 16:55:00,COMMONWEALTH AVENUE,16:00:00
101,Quezon City,Edsa Kamuning intersection NB and SB,Gutter Deep,Passable to all vehicles,2025-08-30 16:55:00,EDSA_QC_SOUTH,16:00:00
102,Quezon City,Commonwealth Bitoon West Bound,Knee Deep,Not passable to light vehicles,2025-08-30 16:55:00,COMMONWEALTH AVENUE,16:00:00
103,Quezon City,EDSA Mother Ignacia SB,Knee Deep,Not passable to light vehicles,2025-08-30 16:55:00,EDSA_QC_SOUTH,16:00:00
104,Quezon City,Quezon Avenue Lung Center EB and WB,Above Gutter Deep,Passable to all vehicles,2025-08-30 16:55:00,QUEZON AVENUE,16:00:00
105,Quezon City,C5 Katipunan Garcia SB and NB,Knee Deep,Not passable to light vehicles,2025-08-30 16:55:00,C5_KATIPUNAN,16:00:00
106,Quezon City,Commonwealth Dona Carmen WB,Gutter Deep,Passable to all vehicles,2025-08-30 16:55:00,COMMONWEALTH AVENUE,16:00:00
107,Quezon City,Commonwealth UP Gym EB,Waist Deep,Not passable to all vehicles,2025-08-30 16:55:00,COMMONWEALTH AVENUE,16:00:00
108,Quezon City,Quezon Avenue EDSA Tunnel WB and EB,Waist Deep,Not passable to all vehicles,2025-08-30 16:55:00,EDSA_QC_CENTRAL,16:00:00
109,Quezon City,Luzon Ave. C5 Ext.,Subsided,Passable to all vehicles,2025-08-30 16:38:00,C5_LUZON,16:00:00
110,Quezon City,EDSA Dario NB,Gutter Deep,Passable to all vehicles,2025-08-30 16:38:00,EDSA_QC_NORTH,16:00:00
111,Quezon City,EDSA Centris service road NB,Gutter Deep,Passable to all vehicles,2025-08-30 16:38:00,EDSA_QC_CENTRAL,16:00:00
112,Quezon City,EDSA North Avenue NB,Subsided,Passable to all vehicles,2025-08-30 16:38:00,EDSA_QC_NORTH,16:00:00
113,Quezon City,C5 Katipunan Ateneo NB,Knee Deep,Not passable to light vehicles,2025-08-30 16:38:00,C5_KATIPUNAN,16:00:00
114,Quezon City,EDSA Balintawak NB,Gutter Deep,Passable to all vehicles,2025-08-30 16:38:00,EDSA_CALOOCAN,16:00:00
115,Quezon City,EDSA Munoz NB,Gutter Deep,Passable to all vehicles,2025-08-30 16:38:00,EDSA_QC_NORTH,16:00:00
116,Quezon City,Commonwealth Ever EB,Above Gutter Deep,Passable to all vehicles,2025-08-30 16:38:00,COMMONWEALTH AVENUE,16:00:00
117,Quezon City,C5 Katipunan Aurora service road SB,Knee Deep,Not passable to light vehicles,2025-08-30 16:38:00,C5_KATIPUNAN,16:00:00
118,Quezon City,EDSA West Avenue SB,Gutter Deep,Passable to all vehicles,2025-08-30 16:38:00,EDSA_QC_SOUTH,16:00:00
119,Quezon City,Commonwealth Winston,Knee Deep,Not passable to light vehicles,2025-08-30 16:38:00,COMMONWEALTH AVENUE,16:00:00
120,Quezon City,Commonwealth Technohub WB,Knee Deep,Not passable to light vehicles,2025-08-30 16:38:00,COMMONWEALTH AVENUE,16:00:00
121,Quezon City,Edsa Kamuning intersection NB and SB,Gutter Deep,Passable to all vehicles,2025-08-30 16:38:00,EDSA_QC_SOUTH,16:00:00
122,Quezon City,Commonwealth Bitoon West Bound,Knee Deep,Not passable to light vehicles,2025-08-30 16:38:00,COMMONWEALTH AVENUE,16:00:00
123,Quezon City,EDSA Mother Ignacia SB,Knee Deep,Not passable to light vehicles,2025-08-30 16:38:00,EDSA_QC_SOUTH,16:00:00
124,Quezon City,Quezon Avenue Lung Center EB and WB,Above Gutter Deep,Passable to all vehicles,2025-08-30 16:38:00,QUEZON AVENUE,16:00:00
125,Quezon City,C5 Katipunan Garcia SB and NB,Knee Deep,Not passable to light vehicles,2025-08-30 16:38:00,C5_KATIPUNAN,16:00:00
126,Quezon City,Commonwealth Dona Carmen WB,Gutter Deep,Passable to all vehicles,2025-08-30 16:38:00,COMMONWEALTH AVENUE,16:00:00
127,Quezon City,Commonwealth UP Gym EB,Waist Deep,Not passable to all vehicles,2025-08-30 16:38:00,COMMONWEALTH AVENUE,16:00:00
128,Quezon City,Quezon Avenue EDSA Tunnel WB and EB,Waist Deep,Not passable to all vehicles,2025-08-30 16:38:00,EDSA_QC_CENTRAL,16:00:00
129,Quezon City,EDSA Dario NB,Gutter Deep,Passable to all vehicles,2025-08-30 16:01:00,EDSA_QC_NORTH,16:00:00
130,Quezon City,EDSA Centris service road NB,Gutter Deep,Passable to all vehicles,2025-08-30 16:01:00,EDSA_QC_CENTRAL,16:00:00
131,Quezon City,EDSA North Avenue NB,Gutter Deep,Passable to all vehicles,2025-08-30 16:01:00,EDSA_QC_NORTH,16:00:00
132,Quezon City,C5 Katipunan Ateneo NB,Above Gutter Deep,Passable to all vehicles,2025-08-30 16:01:00,C5_KATIPUNAN,16:00:00
133,Quezon City,EDSA Balintawak NB,Above Gutter Deep,Passable to all vehicles,2025-08-30 16:01:00,EDSA_CALOOCAN,16:00:00
134,Quezon City,EDSA Munoz NB,Above Gutter Deep,Passable to all vehicles,2025-08-30 16:01:00,EDSA_QC_NORTH,16:00:00
135,Quezon City,Commonwealth Ever EB,Above Gutter Deep,Passable to all vehicles,2025-08-30 16:01:00,COMMONWEALTH AVENUE,16:00:00
136,Quezon City,C5 Katipunan Ateneo NB,Knee Deep,Not passable to light vehicles,2025-08-30 16:01:00,C5_KATIPUNAN,16:00:00
137,Quezon City,C5 Katipunan Aurora service road SB,Knee Deep,Not passable to light vehicles,2025-08-30 16:01:00,C5_KATIPUNAN,16:00:00
138,Quezon City,Edsa West Avenue SB,Gutter Deep,Passable to all vehicles,2025-08-30 16:01:00,EDSA_QC_SOUTH,16:00:00
139,Quezon City,Commonwealth Winston,Knee Deep,Not passable to light vehicles,2025-08-30 16:01:00,COMMONWEALTH AVENUE,16:00:00
140,Quezon City,Commonwealth Technohub WB,Knee Deep,Not passable to light vehicles,2025-08-30 16:01:00,COMMONWEALTH AVENUE,16:00:00
141,Quezon City,Edsa Kamuning intersection NB and SB,Gutter Deep,Passable to all vehicles,2025-08-30 16:01:00,EDSA_QC_SOUTH,16:00:00
142,Quezon City,Commonwealth Batasan,Gutter Deep,Passable to all vehicles,2025-08-30 16:01:00,COMMONWEALTH AVENUE,16:00:00
143,Quezon City,Commonwealth Bitoon West Bound,Knee Deep,Not passable to light vehicles,2025-08-30 16:01:00,COMMONWEALTH AVENUE,16:00:00
144,Quezon City,EDSA Mother Ignacia SB,Knee Deep,Not passable to light vehicles,2025-08-30 16:01:00,EDSA_QC_SOUTH,16:00:00
145,Quezon City,Quezon Avenue Lung Center EB and WB,Above Gutter Deep,Passable to all vehicles,2025-08-30 16:01:00,QUEZON AVENUE,16:00:00
146,Quezon City,C5 Katipunan Garcia SB and NB,Knee Deep,Not passable to light vehicles,2025-08-30 16:01:00,C5_KATIPUNAN,16:00:00
147,Quezon City,Commonwealth Dona Carmen WB,Gutter Deep,Passable to all vehicles,2025-08-30 16:01:00,COMMONWEALTH AVENUE,16:00:00
148,Quezon City,Commonwealth UP Gym EB,Waist Deep,Not passable to all vehicles,2025-08-30 16:01:00,COMMONWEALTH AVENUE,16:00:00
149,Quezon City,EDSA Dario NB,Gutter Deep,Passable to all vehicles,2025-08-30 15:20:00,EDSA_QC_NORTH,15:00:00
150,Quezon City,EDSA Centris service road NB,Gutter Deep,Passable to all vehicles,2025-08-30 15:20:00,EDSA_QC_CENTRAL,15:00:00
151,Quezon City,EDSA North Avenue NB,Gutter Deep,Passable to all vehicles,2025-08-30 15:20:00,EDSA_QC_NORTH,15:00:00
152,Quezon City,C5 Katipunan Ateneo NB,Above Gutter Deep,Passable to all vehicles,2025-08-30 15:20:00,C5_KATIPUNAN,15:00:00
153,Quezon City,EDSA Balintawak NB,Above Gutter Deep,Passable to all vehicles,2025-08-30 15:20:00,EDSA_CALOOCAN,15:00:00
154,Quezon City,EDSA Munoz NB,Above Gutter Deep,Passable to all vehicles,2025-08-30 15:20:00,EDSA_QC_NORTH,15:00:00
155,Quezon City,Commonwealth Ever EB,Above Gutter Deep,Passable to all vehicles,2025-08-30 15:20:00,COMMONWEALTH AVENUE,15:00:00
156,Quezon City,C5 Katipunan Ateneo NB,Knee Deep,Not passable to light vehicles,2025-08-30 15:20:00,C5_KATIPUNAN,15:00:00
157,Quezon City,C5 Katipunan Aurora service road SB,Knee Deep,Not passable to light vehicles,2025-08-30 15:20:00,C5_KATIPUNAN,15:00:00
158,Quezon City,Edsa West Avenue SB,Gutter Deep,Passable to all vehicles,2025-08-30 15:20:00,EDSA_QC_SOUTH,15:00:00
159,Quezon City,Commonwealth Winston,Knee Deep,Not passable to light vehicles,2025-08-30 15:20:00,COMMONWEALTH AVENUE,15:00:00
160,Quezon City,Commonwealth Technohub WB,Knee Deep,Not passable to light vehicles,2025-08-30 15:20:00,COMMONWEALTH AVENUE,15:00:00
161,Quezon City,Edsa Kamuning intersection NB and SB,Gutter Deep,Passable to all vehicles,2025-08-30 15:20:00,EDSA_QC_SOUTH,15:00:00
162,Quezon City,Commonwealth Batasan,Gutter Deep,Passable to all vehicles,2025-08-30 15:20:00,COMMONWEALTH AVENUE,15:00:00
163,Quezon City,Commonwealth Bitoon West Bound,Knee Deep,Not passable to light vehicles,2025-08-30 15:20:00,COMMONWEALTH AVENUE,15:00:00
164,Quezon City,EDSA Dario NB,Gutter Deep,Passable to all vehicles,2025-08-30 15:03:00,EDSA_QC_NORTH,15:00:00
165,Quezon City,EDSA Centris service road NB,Gutter Deep,Passable to all vehicles,2025-08-30 15:03:00,EDSA_QC_CENTRAL,15:00:00
166,Quezon City,EDSA North Avenue NB,Gutter Deep,Passable to all vehicles,2025-08-30 15:03:00,EDSA_QC_NORTH,15:00:00
167,Quezon City,C5 Katipunan Ateneo NB,Above Gutter Deep,Passable to all vehicles,2025-08-30 15:03:00,C5_KATIPUNAN,15:00:00
168,Quezon City,EDSA Balintawak NB,Above Gutter Deep,Passable to all vehicles,2025-08-30 15:03:00,EDSA_CALOOCAN,15:00:00
169,Quezon City,EDSA Munoz NB,Above Gutter Deep,Passable to all vehicles,2025-08-30 15:03:00,EDSA_QC_NORTH,15:00:00
170,Quezon City,Commonwealth Ever EB,Above Gutter Deep,Passable to all vehicles,2025-08-30 15:03:00,COMMONWEALTH AVENUE,15:00:00
171,Quezon City,C5 Katipunan Aurora service road SB,Knee Deep,Not passable to light vehicles,2025-08-30 15:03:00,C5_KATIPUNAN,15:00:00
172,Quezon City,EDSA Dario NB,Gutter Deep,Passable to all vehicles,2025-08-30 14:49:00,EDSA_QC_NORTH,14:00:00
173,Quezon City,EDSA Centris service road NB,Gutter Deep,Passable to all vehicles,2025-08-30 14:49:00,EDSA_QC_CENTRAL,14:00:00
174,Quezon City,EDSA North Avenue NB,Gutter Deep,Passable to all vehicles,2025-08-30 14:49:00,EDSA_QC_NORTH,14:00:00
175,Quezon City,C5 Katipunan Ateneo NB,Above Gutter Deep,Passable to all vehicles,2025-08-30 14:49:00,C5_KATIPUNAN,14:00:00
176,Quezon City,EDSA Balintawak NB,Above Gutter Deep,Passable to all vehicles,2025-08-30 14:49:00,EDSA_CALOOCAN,14:00:00
177,Quezon City,EDSA Muñoz NB,Above Gutter Deep,Passable to all vehicles,2025-08-30 14:49:00,EDSA_QC_NORTH,14:00:00
178,Caloocan City,McArthur Highway Calle Uno NB,Gutter Deep,Passable to all vehicles,2025-08-28 17:15:00,MACARTHUR HIGHWAY,17:00:00
179,Caloocan City,McArthur Highway Calle Uno NB,Gutter Deep,Passable to all vehicles,2025-08-28 16:44:00,MACARTHUR HIGHWAY,16:00:00
180,Quezon City,EDSA Aurora Tunnel,Subsided,Passable to all vehicles,2025-08-27 19:35:00,EDSA_QC_BOUNDARY,19:00:00
181,Quezon City,EDSA Santolan Service Road NB,Subsided,Passable to all vehicles,2025-08-27 19:35:00,EDSA_QC_BOUNDARY,19:00:00
182,Quezon City,EDSA Central terminal NB (after Quezon ave. flyover),Subsided,Passable to all vehicles,2025-08-27 19:35:00,EDSA_QC_CENTRAL,19:00:00
183,Mandaluyong City,EDSA Shaw Tunnel NB,Gutter Deep,Passable to all vehicles,2025-08-27 19:35:00,EDSA_MANDALUYONG,19:00:00
184,Mandaluyong City,EDSA Ortigas SB,Subsided,Passable to all vehicles,2025-08-27 19:35:00,EDSA_MANDALUYONG,19:00:00
185,Quezon City,EDSA Aurora Tunnel,Gutter Deep,Passable to all vehicles,2025-08-27 19:18:00,EDSA_QC_BOUNDARY,19:00:00
186,Quezon City,EDSA Santolan Service Road NB,Gutter Deep,Passable to all vehicles,2025-08-27 19:18:00,EDSA_QC_BOUNDARY,19:00:00
187,Quezon City,EDSA Central terminal NB (after Quezon ave. flyover),Gutter Deep,Passable to all vehicles,2025-08-27 19:18:00,EDSA_QC_CENTRAL,19:00:00
188,Quezon City,EDSA Santolan Service Road NB,Gutter Deep,Passable to all vehicles,2025-08-27 19:18:00,EDSA_QC_BOUNDARY,19:00:00
189,Mandaluyong City,EDSA Shaw Tunnel NB,Gutter Deep,Passable to all vehicles,2025-08-27 19:18:00,EDSA_MANDALUYONG,19:00:00
190,Mandaluyong City,EDSA Ortigas SB,Gutter Deep,Passable to all vehicles,2025-08-27 19:18:00,EDSA_MANDALUYONG,19:00:00
191,Mandaluyong City,EDSA Shaw tunnel NB,Above Gutter Deep,Passable to all vehicles,2025-08-24 16:43:00,EDSA_MANDALUYONG,16:00:00
192,Manila City,Quirino Station (Walk Way),Gutter Deep,Passable to all vehicles,2025-08-24 16:43:00,TAFT AVENUE,16:00:00
193,Manila City,Roxas Pedro Gil service road NB,Gutter Deep,Passable to all vehicles,2025-08-24 16:43:00,ROXAS BOULEVARD,16:00:00
194,Manila City,Quirino Station (Facing V. Cruz),Subsided,Passable to all vehicles,2025-08-24 16:43:00,TAFT AVENUE,16:00:00
195,Manila City,España Blvd. Dela Fuente intersection,Subsided,Passable to all vehicles,2025-08-24 16:43:00,ESPAÑA BOULEVARD,16:00:00
196,Manila City,Taft Ave NBI,Subsided,Passable to all vehicles,2025-08-24 16:43:00,TAFT AVENUE,16:00:00
197,Mandaluyong City,EDSA Shaw tunnel NB,Above Gutter Deep,Passable to all vehicles,2025-08-24 16:00:00,EDSA_MANDALUYONG,16:00:00
198,Manila City,Taft Ave NBI,Gutter Deep,Passable to all vehicles,2025-08-24 16:00:00,TAFT AVENUE,16:00:00
199,Manila City,Quirino Station (Walk Way),Gutter Deep,Passable to all vehicles,2025-08-24 16:00:00,TAFT AVENUE,16:00:00
200,Manila City,Quirino Station (Facing V. Cruz),Gutter Deep,Passable to all vehicles,2025-08-24 16:00:00,TAFT AVENUE,16:00:00
201,Manila City,España Blvd. Dela Fuente intersection,Gutter Deep,Passable to all vehicles,2025-08-24 16:00:00,ESPAÑA BOULEVARD,16:00:00
202,Mandaluyong City,EDSA Ortigas intersection SB,Gutter Deep,Passable to all vehicles,2025-08-24 14:50:00,EDSA_MANDALUYONG,14:00:00
203,Mandaluyong City,EDSA Ortigas after flyover,Gutter Deep,Passable to all vehicles,2025-08-24 14:50:00,EDSA_MANDALUYONG,14:00:00
204,Quezon City,EDSA Aurora tunnel NB,Gutter Deep,Passable to all vehicles,2025-08-24 14:50:00,EDSA_QC_BOUNDARY,14:00:00
205,Quezon City,EDSA after Kamuning intersection,Gutter Deep,Passable to all vehicles,2025-08-24 14:50:00,EDSA_QC_SOUTH,14:00:00
206,Manila City,Roxas Boulevard – Quirino Ave. intersection,Gutter Deep,Passable to all vehicles,2025-08-22 15:00:00,ROXAS BOULEVARD,15:00:00
207,Manila City,Roxas Boulevard – U.N. Service Road,Above Gutter Deep,Passable to all vehicles,2025-08-22 15:00:00,ROXAS BOULEVARD,15:00:00
208,Manila City,Leveriza corner Quirino Avenue,Gutter Deep,Passable to all vehicles,2025-08-22 15:00:00,QUIRINO AVENUE,15:00:00
209,Manila City,Taft Avenue – Quirino Avenue intersection,Gutter Deep,Passable to all vehicles,2025-08-22 15:00:00,TAFT AVENUE,15:00:00
210,Manila City,Taft Avenue – Nakpil St.,Gutter Deep,Passable to all vehicles,2025-08-22 15:00:00,TAFT AVENUE,15:00:00
211,Manila City,Pedro Gil – Taft Ave. corner,Gutter Deep,Passable to all vehicles,2025-08-22 15:00:00,TAFT AVENUE,15:00:00
212,Manila City,PNU Taft,Knee Deep,Not passable to light vehicles,2025-08-22 15:00:00,TAFT AVENUE,15:00:00
213,Manila City,Taft Ave. – in front of Adamson (to Kalaw),Knee Deep,Not passable to light vehicles,2025-08-22 15:00:00,TAFT AVENUE,15:00:00
214,Manila City,Taft Ave. – Padre Faura,Half Tire Deep,Not passable to light vehicles,2025-08-22 15:00:00,TAFT AVENUE,15:00:00
215,Manila City,Quirino Avenue southbound,Gutter Deep,Passable to all vehicles,2025-08-22 15:00:00,QUIRINO AVENUE,15:00:00
216,Manila City,Taft Avenue (NBI),Knee Deep,Not passable to light vehicles,2025-08-22 15:00:00,TAFT AVENUE,15:00:00
217,Manila City,Taft NBI parking (in front of Adamson to Kalaw),Gutter Deep,Passable to all vehicles,2025-08-22 15:00:00,TAFT AVENUE,15:00:00
218,Manila City,Quirino Station (Facing V. Cruz),Gutter Deep,Passable to all vehicles,2025-08-22 15:00:00,TAFT AVENUE,15:00:00
219,Manila City,Quirino Station (Walkway),Half Tire Deep,Not passable to light vehicles,2025-08-22 15:00:00,TAFT AVENUE,15:00:00
220,Manila City,Kalaw facing Taft,Half Tire Deep,Not passable to light vehicles,2025-08-22 15:00:00,TAFT AVENUE,15:00:00
221,Manila City,In front of Kartilya ng Katipunan,Half Tire Deep,Not passable to light vehicles,2025-08-22 15:00:00,C5_KATIPUNAN,15:00:00
222,Manila City,Taft to Underpass,Gutter Deep,Passable to all vehicles,2025-08-22 15:00:00,TAFT AVENUE,15:00:00
223,Manila City,Taft to Shrine,Half Tire Deep,Not passable to light vehicles,2025-08-22 15:00:00,TAFT AVENUE,15:00:00
224,Pasay City,Roxas–Kalaw northbound/southbound,Subsided,Passable to all vehicles,2025-08-22 14:51:00,ROXAS BOULEVARD,14:00:00
225,Pasay City,Roxas–Kalaw Service Road,Subsided,Passable to all vehicles,2025-08-22 14:51:00,ROXAS BOULEVARD,14:00:00
226,Pasay City,Roxas EDSA Service Road NB,Gutter Deep,Passable to all vehicles,2025-08-16 13:26:00,EDSA_PASAY,13:00:00
227,Manila City,Roxas blvd. P. Gil Svc. Rd.,Gutter Deep,Passable to all vehicles,2025-07-24 05:17:00,ROXAS BOULEVARD,05:00:00
228,Manila City,Taft Ave. from Nakpil to Padre Faura North bound,Gutter Deep,Passable to all vehicles,2025-07-24 05:17:00,TAFT AVENUE,05:00:00
229,Manila City,Taft/UN - NB in front of NBI,Gutter Deep,Passable to all vehicles,2025-07-24 05:17:00,TAFT AVENUE,05:00:00
230,Parañaque City,Dr. A. Santos corner Victor Medina,Gutter Deep,Passable to all vehicles,2025-07-24 05:17:00,DR. SANTOS AVENUE,05:00:00
231,Parañaque City,Dr. A. Santos Ave. infront of SM Sucat,Knee-Waist Deep,Not passable to all vehicles,2025-07-24 05:17:00,DR. SANTOS AVENUE,05:00:00
232,Manila City,Roxas Pedro Gil. Service Road,Gutter Deep,Passable to all vehicles,2025-07-23 21:46:00,ROXAS BOULEVARD,21:00:00
233,Manila City,Along Taft ave. From nakpil to padre Faura North bound,Gutter Deep,Passable to all vehicles,2025-07-23 21:46:00,TAFT AVENUE,21:00:00
234,Parañaque City,Dr. A. Santos cor Victor Medina,Half Tire Deep,Not passable to light vehicles,2025-07-23 21:46:00,DR. SANTOS AVENUE,21:00:00
235,Manila City,Taft UN Ave. Intersection,Gutter Deep,Passable to all vehicles,2025-07-23 20:06:00,TAFT AVENUE,20:00:00
236,Manila City,Roxas Pedro Gil. Service Road,Gutter Deep,Passable to all vehicles,2025-07-23 20:06:00,ROXAS BOULEVARD,20:00:00
237,Manila City,Taft Ave. PGH,Gutter Deep,Passable to all vehicles,2025-07-23 20:06:00,TAFT AVENUE,20:00:00
238,Parañaque City,Dr. A. Santos cor Victor Medina,Half Tire Deep,Not passable to light vehicles,2025-07-23 20:06:00,DR. SANTOS AVENUE,20:00:00
239,Mandaluyong City,EDSA Shaw Tunnel,Gutter Deep,Passable to all vehicles,2025-07-23 20:06:00,EDSA_MANDALUYONG,20:00:00
240,Manila City,Taft UN Ave. Intersection,Gutter Deep,Passable to all vehicles,2025-07-23 19:07:00,TAFT AVENUE,19:00:00
241,Manila City,Roxas Pedro Gil. Service Road,Gutter Deep,Passable to all vehicles,2025-07-23 19:07:00,ROXAS BOULEVARD,19:00:00
242,Manila City,Taft UN Ave. towards PGH ERMITA NB,Gutter Deep,Passable to all vehicles,2025-07-23 19:07:00,TAFT AVENUE,19:00:00
243,Parañaque City,Dr. A. Santos cor Victor Medina,Gutter Deep,Passable to all vehicles,2025-07-23 19:07:00,DR. SANTOS AVENUE,19:00:00
244,Manila City,Recto Benavidez,Gutter Deep,Passable to all vehicles,2025-07-23 05:45:00,RECTO AVENUE,05:00:00
245,Manila City,España Blvd Antipolo,Gutter Deep,Passable to all vehicles,2025-07-23 05:45:00,ESPAÑA BOULEVARD,05:00:00
246,Manila City,España Lacson WB,Gutter Deep,Passable to all vehicles,2025-07-23 05:45:00,ESPAÑA BOULEVARD,05:00:00
247,Manila City,España Lacson EB,Gutter Deep,Passable to all vehicles,2025-07-23 05:45:00,ESPAÑA BOULEVARD,05:00:00
248,Manila City,Taft Avenue cor. UN Ave.,Knee Deep,Not passable to light vehicles,2025-07-23 05:45:00,TAFT AVENUE,05:00:00
249,Manila City,Taft Avenue corner Padre Faura,Gutter Deep,Passable to all vehicles,2025-07-23 05:45:00,TAFT AVENUE,05:00:00
250,Manila City,Taft Avenue from Apacible to Escoda,Gutter Deep,Passable to all vehicles,2025-07-23 05:45:00,TAFT AVENUE,05:00:00
251,Manila City,Taft PGH NB/SB,Knee Deep,Not passable to light vehicles,2025-07-23 05:45:00,TAFT AVENUE,05:00:00
252,Manila City,Taft Remedios NB/SB,Gutter Deep,Passable to all vehicles,2025-07-23 05:45:00,TAFT AVENUE,05:00:00
253,Manila City,Roxas Blvd Pedro Gil northbound,Gutter Deep,Passable to all vehicles,2025-07-23 05:45:00,ROXAS BOULEVARD,05:00:00
254,Manila City,Roxas Blvd Kalaw NB,Gutter Deep,Passable to all vehicles,2025-07-23 05:45:00,ROXAS BOULEVARD,05:00:00
255,Manila City,Quirino Avenue Guazon,Gutter Deep,Passable to all vehicles,2025-07-23 05:45:00,QUIRINO AVENUE,05:00:00
256,Manila City,Quirino Avenue corner Pedro Gil,Gutter Deep,Passable to all vehicles,2025-07-23 05:45:00,QUIRINO AVENUE,05:00:00
257,Manila City,Roxas Blvd. U.N. NB,Gutter Deep,Passable to all vehicles,2025-07-23 05:45:00,ROXAS BOULEVARD,05:00:00
258,Manila City,Kalaw Taft,Gutter Deep,Passable to all vehicles,2025-07-23 05:45:00,TAFT AVENUE,05:00:00
259,Mandaluyong City,EDSA Shaw tunnel NB/SB,Above Gutter Deep,Passable to all vehicles,2025-07-23 05:45:00,EDSA_MANDALUYONG,05:00:00
260,Manila City,Recto Mendiola Intersection,Gutter Deep,Passable to all vehicles,2025-07-22 09:43:00,RECTO AVENUE,09:00:00
261,Manila City,Espana Dela Fuente,Knee Deep,Not passable to light vehicles,2025-07-22 09:43:00,ESPAÑA BOULEVARD,09:00:00
262,Manila City,Espana Blvd Antipolo,Knee Deep,Not passable to light vehicles,2025-07-22 09:43:00,ESPAÑA BOULEVARD,09:00:00
263,Manila City,España Lacson WB,Above Gutter Deep,Not passable to light vehicles,2025-07-22 09:43:00,ESPAÑA BOULEVARD,09:00:00
264,Manila City,España Lacson EB,Above Gutter Deep,Not passable to light vehicles,2025-07-22 09:43:00,ESPAÑA BOULEVARD,09:00:00
265,Manila City,España Blvd cor Antipolo St.,Knee Deep,Not passable to light vehicles,2025-07-22 09:43:00,ESPAÑA BOULEVARD,09:00:00
266,Manila City,Taft Avenue cor. UN Ave.,Gutter Deep,Passable to all vehicles,2025-07-22 09:43:00,TAFT AVENUE,09:00:00
267,Manila City,Taft Avenue corner Padre Faura,Gutter Deep,Passable to all vehicles,2025-07-22 09:43:00,TAFT AVENUE,09:00:00
268,Manila City,Taft Avenue from Apacible to Escoda,Gutter Deep,Passable to all vehicles,2025-07-22 09:43:00,TAFT AVENUE,09:00:00
269,Manila City,Taft PGH NB/SB,Gutter Deep,Passable to all vehicles,2025-07-22 09:43:00,TAFT AVENUE,09:00:00
270,Manila City,Finance Taft,Gutter Deep,Passable to all vehicles,2025-07-22 09:43:00,TAFT AVENUE,09:00:00
271,Manila City,Roxas Blvd. P. Ocampo Intersection and Service Road,Gutter Deep,Passable to all vehicles,2025-07-22 09:43:00,ROXAS BOULEVARD,09:00:00
272,Manila City,Roxas Blvd Pedro Gil northbound,Gutter Deep,Passable to all vehicles,2025-07-22 09:43:00,ROXAS BOULEVARD,09:00:00
273,Manila City,Roxas Blvd Kalaw NB,Above Gutter Deep,Passable to all vehicles,2025-07-22 09:43:00,ROXAS BOULEVARD,09:00:00
274,Manila City,Roxas Kalaw SB,Tire Deep,Not passable to all vehicles,2025-07-22 09:43:00,ROXAS BOULEVARD,09:00:00
275,Manila City,Quirino Avenue Guazon,Gutter Deep,Passable to all vehicles,2025-07-22 09:43:00,QUIRINO AVENUE,09:00:00
276,Manila City,Quirino Avenue corner Pedro Gil,Gutter Deep,Passable to all vehicles,2025-07-22 09:43:00,QUIRINO AVENUE,09:00:00
277,Manila City,Roxas Blvd. U.N. Intersection and Service Road,Above Gutter Deep,Passable to all vehicles,2025-07-22 09:43:00,ROXAS BOULEVARD,09:00:00
278,Manila City,Recto Loyola WB,Gutter Deep,Passable to all vehicles,2025-07-22 09:43:00,RECTO AVENUE,09:00:00
279,Manila City,Kalaw Taft,Gutter Deep,Passable to all vehicles,2025-07-22 09:43:00,TAFT AVENUE,09:00:00
280,Quezon City,EDSA North Avenue northbound,Gutter Deep,Passable to all vehicles,2025-07-22 09:43:00,EDSA_QC_NORTH,09:00:00
281,Quezon City,Quezon Ave D. Tuazon WB/EB,Gutter Deep,Passable to all vehicles,2025-07-22 09:43:00,QUEZON AVENUE,09:00:00
282,Quezon City,Quezon Ave Biak na bato EB/WB,Gutter Deep,Passable to all vehicles,2025-07-22 09:43:00,QUEZON AVENUE,09:00:00
283,Quezon City,EDSA Aguinaldo Gate 2 NB,Subsided,Passable to all vehicles,2025-07-22 09:04:00,EDSA_QC_BOUNDARY,09:00:00
284,Quezon City,EDSA Liberty NB,Subsided,Passable to all vehicles,2025-07-22 08:59:00,EDSA_QC_BOUNDARY,08:00:00
285,Quezon City,EDSA Aurora tunnel NB,Subsided,Passable to all vehicles,2025-07-22 09:00:00,EDSA_QC_BOUNDARY,09:00:00
286,Parañaque City,Dr. A. Santos SM Sucat,4 Feet Deep,Not passable to all vehicles,2025-07-22 09:43:00,DR. SANTOS AVENUE,09:00:00
287,Parañaque City,Dr. A. Santos Ave Victor Medina,Gutter Deep,Passable to all vehicles,2025-07-22 09:43:00,DR. SANTOS AVENUE,09:00:00
288,Parañaque City,Dr. A. Santos Ave St Peter to Olivares College,6 Feet Deep,Not passable to all vehicles,2025-07-22 09:43:00,DR. SANTOS AVENUE,09:00:00
289,Makati City,Osmeña Emilia,Half Knee Deep,Passable to all vehicles,2025-07-22 09:43:00,OSMEÑA HIGHWAY,09:00:00
290,Pasay City,EDSA Roxas Blvd NB/SB,Gutter Deep,Passable to all vehicles,2025-07-22 09:43:00,EDSA_PASAY,09:00:00
291,Pasay City,EDSA Taft MRT NB,Gutter Deep,Passable to all vehicles,2025-07-22 09:43:00,EDSA_PASAY,09:00:00
292,Mandaluyong City,EDSA Shaw tunnel NB/SB,Above Gutter Deep,Passable to all vehicles,2025-07-22 09:43:00,EDSA_MANDALUYONG,09:00:00
293,Manila City,Recto Mendiola Intersection,Gutter Deep,Passable to all vehicles,2025-07-22 06:40:00,RECTO AVENUE,06:00:00
294,Manila City,Espana Dela Fuente,Tire Deep,Not passable to all vehicles,2025-07-22 06:40:00,ESPAÑA BOULEVARD,06:00:00
295,Manila City,Espana Blvd Antipolo,Knee Deep,Not passable to light vehicles,2025-07-22 06:40:00,ESPAÑA BOULEVARD,06:00:00
296,Manila City,España Lacson WB,Knee Deep,Not passable to light vehicles,2025-07-22 06:40:00,ESPAÑA BOULEVARD,06:00:00
297,Manila City,España Lacson EB,Gutter Deep,Passable to all vehicles,2025-07-22 06:40:00,ESPAÑA BOULEVARD,06:00:00
298,Manila City,Espana corner Dela Fuente,Gutter Deep,Passable to all vehicles,2025-07-22 06:40:00,ESPAÑA BOULEVARD,06:00:00
299,Manila City,España Blvd cor Antipolo St.,Knee Deep,Not passable to light vehicles,2025-07-22 06:40:00,ESPAÑA BOULEVARD,06:00:00
300,Manila City,Taft Avenue cor. UN Ave.,Gutter Deep,Passable to all vehicles,2025-07-22 06:40:00,TAFT AVENUE,06:00:00
301,Manila City,Taft Avenue corner Padre Faura,Gutter Deep,Passable to all vehicles,2025-07-22 06:40:00,TAFT AVENUE,06:00:00
302,Manila City,Taft Avenue from Apacible to Escoda,Gutter Deep,Passable to all vehicles,2025-07-22 06:40:00,TAFT AVENUE,06:00:00
303,Manila City,Roxas Blvd. P. Ocampo Intersection and Service Road,Gutter Deep,Passable to all vehicles,2025-07-22 06:40:00,ROXAS BOULEVARD,06:00:00
304,Manila City,Roxas Blvd Pedro Gil northbound,Gutter Deep,Passable to all vehicles,2025-07-22 06:40:00,ROXAS BOULEVARD,06:00:00
305,Manila City,Roxas Blvd Kalaw northbound,Gutter Deep,Passable to all vehicles,2025-07-22 06:40:00,ROXAS BOULEVARD,06:00:00
306,Manila City,Quirino Avenue Guazon,Gutter Deep,Passable to all vehicles,2025-07-22 06:40:00,QUIRINO AVENUE,06:00:00
307,Manila City,Quirino Avenue corner Pedro Gil,Gutter Deep,Passable to all vehicles,2025-07-22 06:40:00,QUIRINO AVENUE,06:00:00
308,Manila City,Roxas Blvd. U.N. Intersection and Service Road,Gutter Deep,Passable to all vehicles,2025-07-22 06:40:00,ROXAS BOULEVARD,06:00:00
309,Quezon City,EDSA North Avenue northbound,Gutter Deep,Passable to all vehicles,2025-07-22 06:40:00,EDSA_QC_NORTH,06:00:00
310,Parañaque City,SM Sucat Brgy San Dionisio,Waist Deep,Not passable to all vehicles,2025-07-22 06:40:00,DR. SANTOS AVENUE,06:00:00
311,Makati City,Osmenia Emilia,Half Knee Deep,Passable to all vehicles,2025-07-22 06:40:00,OSMEÑA HIGHWAY,06:00:00
312,Pasay City,EDSA Roxas Blvd NB/SB,Gutter Deep,Passable to all vehicles,2025-07-22 06:40:00,EDSA_PASAY,06:00:00
313,Mandaluyong City,EDSA Shaw tunnel NB,Half Knee Deep,Passable to all vehicles,2025-07-22 06:40:00,EDSA_MANDALUYONG,06:00:00
314,Manila City,Recto Mendiola Intersection,Gutter Deep,Passable to all vehicles,2025-07-22 04:55:00,RECTO AVENUE,04:00:00
315,Manila City,Espana Dela Fuente,Tire Deep,Not passable to all vehicles,2025-07-22 04:55:00,ESPAÑA BOULEVARD,04:00:00
316,Manila City,Espana Blvd Antipolo,Knee Deep,Not passable to light vehicles,2025-07-22 04:55:00,ESPAÑA BOULEVARD,04:00:00
317,Manila City,España Lacson WB,Knee Deep,Not passable to light vehicles,2025-07-22 04:55:00,ESPAÑA BOULEVARD,04:00:00
318,Manila City,España Lacson EB,Gutter Deep,Passable to all vehicles,2025-07-22 04:55:00,ESPAÑA BOULEVARD,04:00:00
319,Manila City,Espana corner Dela Fuente,Gutter Deep,Passable to all vehicles,2025-07-22 04:55:00,ESPAÑA BOULEVARD,04:00:00
320,Manila City,España Blvd cor Antipolo St,Gutter Deep,Passable to all vehicles,2025-07-22 04:55:00,ESPAÑA BOULEVARD,04:00:00
321,Manila City,Taft Avenue cor. UN Ave.,Gutter Deep,Passable to all vehicles,2025-07-22 04:55:00,TAFT AVENUE,04:00:00
322,Manila City,Taft Avenue corner Padre Faura,Gutter Deep,Passable to all vehicles,2025-07-22 04:55:00,TAFT AVENUE,04:00:00
323,Manila City,Taft Avenue from Apacible to Escoda,Gutter Deep,Passable to all vehicles,2025-07-22 04:55:00,TAFT AVENUE,04:00:00
324,Manila City,Roxas Blvd. P. Ocampo Intersection and Service Road,Gutter Deep,Passable to all vehicles,2025-07-22 04:55:00,ROXAS BOULEVARD,04:00:00
325,Manila City,Roxas Blvd Pedro Gil northbound,Gutter Deep,Passable to all vehicles,2025-07-22 04:55:00,ROXAS BOULEVARD,04:00:00
326,Manila City,Roxas Blvd Kalaw northbound,Gutter Deep,Passable to all vehicles,2025-07-22 04:55:00,ROXAS BOULEVARD,04:00:00
327,Manila City,Quirino Avenue Guazon,Gutter Deep,Passable to all vehicles,2025-07-22 04:55:00,QUIRINO AVENUE,04:00:00
328,Manila City,Quirino Avenue corner Pedro Gil,Gutter Deep,Passable to all vehicles,2025-07-22 04:55:00,QUIRINO AVENUE,04:00:00
329,Manila City,Roxas Blvd. U.N. Intersection and Service Road,Gutter Deep,Passable to all vehicles,2025-07-22 04:55:00,ROXAS BOULEVARD,04:00:00
330,Quezon City,EDSA North Avenue northbound,Gutter Deep,Passable to all vehicles,2025-07-22 04:55:00,EDSA_QC_NORTH,04:00:00
331,Parañaque City,Dr. A. Santos - Green heights,Waist Deep,Not passable to all vehicles,2025-07-22 04:55:00,DR. SANTOS AVENUE,04:00:00
332,Parañaque City,SM Sucat Brgy San Dionisio,Waist Deep,Not passable to all vehicles,2025-07-22 04:55:00,DR. SANTOS AVENUE,04:00:00
333,Makati City,Osmenia - Emilia,Half Knee Deep,Passable to all vehicles,2025-07-22 04:55:00,OSMEÑA HIGHWAY,04:00:00
334,Manila City,Taft Avenue corner Padre Faura,Half Gutter Deep,Passable to all vehicles,2025-07-21 10:27:00,TAFT AVENUE,10:00:00
335,Manila City,Taft Avenue from Apacible to Escoda,Half Gutter Deep,Passable to all vehicles,2025-07-21 10:27:00,TAFT AVENUE,10:00:00
336,Manila City,Roxas blvd P. Ocampo Intersection and Service Road,Gutter Deep,Passable to all vehicles,2025-07-21 10:27:00,ROXAS BOULEVARD,10:00:00
337,Manila City,Roxas Blvd UN Intersection and Service Road,Gutter Deep,Passable to all vehicles,2025-07-21 10:27:00,ROXAS BOULEVARD,10:00:00
338,Manila City,España Lacson westbound,Knee Deep,Not passable to light vehicles,2025-07-21 13:00:00,ESPAÑA BOULEVARD,13:00:00
339,Manila City,España Lacson eastbound,Gutter Deep,Passable to all vehicles,2025-07-21 13:00:00,ESPAÑA BOULEVARD,13:00:00
340,Manila City,España Blvd cor. Antipolo St.,Knee Deep,Not passable to light vehicles,2025-07-21 10:30:00,ESPAÑA BOULEVARD,10:00:00
341,Makati City,Edsa before Ayala southbound,Half Gutter Deep,Passable to all vehicles,2025-07-21 10:00:00,EDSA_MAKATI,10:00:00
342,Pasay City,Roxas EDSA Heritage Service Road NB,Gutter Deep,Passable to all vehicles,2025-07-21 10:25:00,EDSA_PASAY,10:00:00
343,Quezon City,Commonwealth Sandigan Tunnel WB,Gutter Deep,Passable to all vehicles,2025-07-21 13:00:00,COMMONWEALTH AVENUE,13:00:00
344,Quezon City,Commonwealth Winston WB,Waist Deep,Not passable to all vehicles,2025-07-21 13:00:00,COMMONWEALTH AVENUE,13:00:00
345,Quezon City,Commonwealth Doña carmen WB,Waist Deep,Not passable to all vehicles,2025-07-21 13:00:00,COMMONWEALTH AVENUE,13:00:00
346,Quezon City,EDSA P. Tuazon Tunnel northbound/southbound,Gutter Deep,Passable to all vehicles,2025-07-21 10:31:00,EDSA_QC_SOUTH,10:00:00
347,Quezon City,EDSA Balintawak northbound,Half Tire Deep,Not passable to light vehicles,2025-07-21 12:30:00,EDSA_CALOOCAN,12:00:00
348,Quezon City,EDSA Dario Bridge northbound,Gutter Deep,Passable to all vehicles,2025-07-21 12:30:00,EDSA_QC_NORTH,12:00:00
349,Manila City,Padre Faura intersection Taft Avenue,Gutter Deep,Passable to all vehicles,2025-07-19 03:15:00,TAFT AVENUE,03:00:00
350,Manila City,España Blvd - Bluementritt,Subsided,Passable to all vehicles,2025-07-19 07:04:00,ESPAÑA BOULEVARD,07:00:00
351,Manila City,along Kalaw from Manila Doctors to Taft Eb and Wb,Gutter Deep,Passable to all vehicles,2025-07-19 06:35:00,TAFT AVENUE,06:00:00
352,Mandaluyong City,EDSA Shaw Tunnel NB,Gutter Deep,Passable to all vehicles,2025-07-19 04:45:00,EDSA_MANDALUYONG,04:00:00
353,Quezon City,Commonwealth University Avenue Eastbound,Gutter Deep,Passable to all vehicles,2025-07-19 06:24:00,COMMONWEALTH AVENUE,06:00:00
354,Quezon City,COMMONWEALTH DOÑA CARMEN WB,Subsided,Passable to all vehicles,2025-07-19 09:02:00,COMMONWEALTH AVENUE,09:00:00
355,Manila City,Padre Faura intersection taft Ave.,Gutter Deep,Passable to all vehicles,2025-07-19 07:11:00,TAFT AVENUE,07:00:00
356,Manila City,Taft Avenue NBI,Gutter Deep,Passable to all vehicles,2025-07-19 07:11:00,TAFT AVENUE,07:00:00
357,Manila City,España Blvd - Bluemintritt,Gutter Deep,Passable to all vehicles,2025-07-19 04:50:00,ESPAÑA BOULEVARD,04:00:00
358,Quezon City,Commonwealth Ilang Ilang EB,Gutter Deep,Passable to all vehicles,2025-06-23 15:04:00,COMMONWEALTH AVENUE,15:00:00
359,Quezon City,Commonwealth Tandang Sora EB,Gutter Deep,Passable to all vehicles,2025-06-23 15:04:00,COMMONWEALTH AVENUE,15:00:00
360,Quezon City,Commonwealth-Batasan,Gutter Deep,Passable to all vehicles,2025-06-23 15:04:00,COMMONWEALTH AVENUE,15:00:00
361,Quezon City,C5 Katipunan Miriam College NB,Gutter Deep,Passable to all vehicles,2025-06-23 15:04:00,C5_KATIPUNAN,15:00:00
362,Quezon City,Luzon corner Commonwealth SB and NB,Half Tire Deep,Not passable to light vehicles,2025-06-23 15:04:00,COMMONWEALTH AVENUE,15:00:00
363,Quezon City,Commonwealth-Philcoa (University Belt),Gutter Deep,Passable to all vehicles,2025-06-23 15:04:00,COMMONWEALTH AVENUE,15:00:00
364,Quezon City,Commonwealth Ever EB,Gutter Deep,Passable to all vehicles,2025-06-23 15:04:00,COMMONWEALTH AVENUE,15:00:00
365,Manila City,España Lacson to Vicente Cruz EB/WB,Knee Deep,Not passable to light vehicles,2025-06-21 21:50:00,ESPAÑA BOULEVARD,21:00:00
366,Quezon City,Quezon Ave- Roces EB,Gutter Deep,Passable to all vehicles,2025-06-21 17:32:00,QUEZON AVENUE,17:00:00
367,Manila City,España Blvd corner Antipolo Street,Waist Deep,Not passable to all vehicles,2025-06-21 17:32:00,ESPAÑA BOULEVARD,17:00:00
368,Quezon City,Commonwealth Avenue cor University Ave.,Gutter Deep,Passable to all vehicles,2025-06-06 18:47:00,COMMONWEALTH AVENUE,18:00:00
369,Manila City,España Dela Fuente EB/WB,Subsided,Passable to all vehicles,2025-06-06 18:19:00,ESPAÑA BOULEVARD,18:00:00
370,Mandaluyong City,EDSA Ortigas Svc. Rd. SB,Gutter Deep,Passable to all vehicles,2025-06-06 16:32:00,EDSA_MANDALUYONG,16:00:00
371,Mandaluyong City,EDSA Shaw tunnel NB,Gutter Deep,Passable to all vehicles,2025-06-06 16:32:00,EDSA_MANDALUYONG,16:00:00
372,Quezon City,EDSA Main Ave. NB,Gutter Deep,Passable to all vehicles,2025-06-06 16:32:00,EDSA_QC_SOUTH,16:00:00
373,Quezon City,EDSA Whiteplains NB,Gutter Deep,Passable to all vehicles,2025-06-06 16:32:00,EDSA_QC_SOUTH,16:00:00
374,Quezon City,EDSA After Quezon Ave. Flyover NB,Gutter Deep,Passable to all vehicles,2025-06-06 16:32:00,EDSA_QC_CENTRAL,16:00:00
375,Quezon City,Commonwealth Ever Go Tesco EB,Gutter Deep,Passable to all vehicles,2025-06-06 16:32:00,COMMONWEALTH AVENUE,16:00:00
376,Quezon City,Quezon Ave. Biak na Bato WB/EB,Knee Deep,Not passable to light vehicles,2025-06-06 16:32:00,QUEZON AVENUE,16:00:00
377,Quezon City,EDSA Balintawak NB,Gutter Deep,Passable to all vehicles,2025-06-06 16:32:00,EDSA_CALOOCAN,16:00:00
378,Quezon City,EDSA Oliveros NB,Gutter Deep,Passable to all vehicles,2025-06-06 16:32:00,EDSA_QC_NORTH,16:00:00
379,Makati City,EDSA Guadalupe Bridge NB,Gutter Deep,Passable to all vehicles,2025-06-06 16:32:00,EDSA_MAKATI,16:00:00
380,Mandaluyong City,EDSA Ortigas Svc. Rd. SB,Gutter Deep,Passable to all vehicles,2025-06-06 15:19:00,EDSA_MANDALUYONG,15:00:00
381,Mandaluyong City,EDSA Shaw tunnel NB,Gutter Deep,Passable to all vehicles,2025-06-06 15:19:00,EDSA_MANDALUYONG,15:00:00
382,Quezon City,EDSA Main Ave. NB,Gutter Deep,Passable to all vehicles,2025-06-06 15:19:00,EDSA_QC_SOUTH,15:00:00
383,Makati City,EDSA Guadalupe Bridge NB,Gutter Deep,Passable to all vehicles,2025-06-06 15:19:00,EDSA_MAKATI,15:00:00
384,Mandaluyong City,EDSA Ortigas Svc. Rd. SB,Gutter Deep,Passable to all vehicles,2025-06-06 15:16:00,EDSA_MANDALUYONG,15:00:00
385,Mandaluyong City,EDSA Shaw tunnel NB,Gutter Deep,Passable to all vehicles,2025-06-06 15:16:00,EDSA_MANDALUYONG,15:00:00
386,Quezon City,EDSA Main Ave. NB,Gutter Deep,Passable to all vehicles,2025-06-06 15:16:00,EDSA_QC_SOUTH,15:00:00
